{
    "config": {
        "agg": "cls",
        "use_cos": true
    },
    "epoch": 9,
    "test_acc": 0.5299739357080799,
    "test_loss": 0.7110473065532801,
    "test_pre": 0.4428437206388976,
    "test_rec": 0.9250899574746484,
    "time": 10.267400276399956,
    "train_acc": 0.6636666666666666,
    "train_loss": 0.589065625478824,
    "train_pre": 0.6484962406015038,
    "train_rec": 0.9588660366870484
}
